time,latitude,longitude,depth,mag,magType,nst,gap,dmin,rms,net,id,updated,place,type,horizontalError,depthError,magError,magNst,status,locationSource,magSource
2026-05-27T15:01:11.567Z,-50.5213,139.3037,10,6,mww,46,68,9.39,0.66,us,us7000snvt,2026-05-28T15:28:36.566Z,"western Indian-Antarctic Ridge",earthquake,10.79,1.878,0.06,27,reviewed,us,us
2026-05-27T14:51:04.419Z,-50.5174,139.3678,10,6,mww,37,96,9.361,0.76,us,us7000snvr,2026-05-28T15:14:24.147Z,"western Indian-Antarctic Ridge",earthquake,11.62,1.927,0.054,33,reviewed,us,us
2026-05-25T21:52:20.043Z,-22.3883,-68.6422,109,6.9,mww,304,24,0.706,0.53,us,us6000t04s,2026-05-27T16:16:46.452Z,"29 km ENE of Calama, Chile",earthquake,5.59,1.833,0.045,48,reviewed,us,us
2026-05-20T17:43:01.910Z,-55.984,-122.2988,10,6.6,mww,226,42,27.49,0.84,us,us6000sz1d,2026-05-21T18:12:25.066Z,"southern East Pacific Rise",earthquake,10.6,1.716,0.049,40,reviewed,us,us
2026-05-16T14:50:05.948Z,17.4295,-61.2938,51.245,6,mww,383,17,0.526,0.76,us,us6000sy84,2026-05-19T22:19:00.703Z,"60 km ESE of Codrington, Antigua and Barbuda",earthquake,5.53,3.954,0.034,82,reviewed,us,us
2026-05-15T11:22:01.649Z,38.9127,142.2498,43.592,6.7,mww,99,43,2.085,1.07,us,us6000sxwq,2026-05-17T23:52:55.821Z,"49 km ESE of Ōfunato, Japan",earthquake,5.99,5.204,0.047,44,reviewed,us,us
2026-05-14T17:53:13.718Z,-6.1497,130.3809,137,6.2,mww,107,14,1.685,0.56,us,us6000sxqf,2026-05-26T17:06:19.174Z,"268 km WSW of Tual, Indonesia",earthquake,8.02,1.848,0.039,62,reviewed,us,us
2026-05-09T04:42:21.975Z,50.981,179.214,16.3,6.1,ml,43,230,0.4,0.7,ak,aka2026jcufoy,2026-05-09T05:03:04.759Z,"Rat Islands, Aleutian Islands, Alaska",earthquake,5.5,3.0809,0.1,32,reviewed,ak,ak
2026-05-04T06:09:47.173Z,11.7423,125.3411,43,6,mww,306,13,4.649,0.52,us,us7000si2z,2026-05-28T08:31:59.721Z,"8 km WSW of Nena, Philippines",earthquake,7.98,1.85,0.052,36,reviewed,us,us
2026-04-26T20:23:55.653Z,42.7102,142.8944,81,6.1,mww,128,35,0.722,0.66,us,us6000st1m,2026-05-14T13:11:28.793Z,"24 km WNW of Sarabetsu, Japan",earthquake,6.99,1.913,0.063,24,reviewed,us,us
2026-04-20T07:56:49.716Z,39.7683,143.1045,35,6,mb,137,94,1.864,0.45,us,us7000sh0a,2026-05-15T14:06:10.311Z,"100 km E of Miyako, Japan",earthquake,5.06,1.891,0.056,118,reviewed,us,us
2026-04-20T07:52:58.951Z,39.9936,142.9946,25,7.4,mww,239,23,1.675,0.53,us,us6000sri7,2026-05-15T13:38:33.396Z,"98 km ENE of Miyako, Japan",earthquake,6.14,1.234,0.036,73,reviewed,us,us
2026-04-19T17:34:47.284Z,-15.2155,-173.4844,36,6.1,mww,85,35,2.098,0.79,us,us6000sred,2026-05-03T15:45:34.278Z,"88 km NNE of Hihifo, Tonga",earthquake,9.51,1.942,0.061,26,reviewed,us,us
2026-04-16T13:30:03.496Z,-32.1443,-178.3174,12,6,mww,70,52,2.909,1.04,us,us6000sqjb,2026-05-03T20:24:38.683Z,"south of the Kermadec Islands",earthquake,9.52,1.787,0.065,23,reviewed,us,us
2026-04-04T10:34:28.266Z,4.8733,126.1392,67,6,mww,106,41,2.252,1.1,us,us6000smj4,2026-04-17T08:30:59.678Z,"95 km SE of Sarangani, Philippines",earthquake,8.95,1.938,0.044,50,reviewed,us,us
2026-04-02T03:23:52.561Z,1.1667,126.4787,28,6.3,mww,162,43,5.932,0.7,us,us6000slwy,2026-05-14T03:26:53.040Z,"109 km WNW of Ternate, Indonesia",earthquake,8.35,1.874,0.083,14,reviewed,us,us
2026-04-01T22:48:13.063Z,1.0931,126.2354,35,7.4,mww,272,17,5.973,0.75,us,us6000slss,2026-05-26T20:40:47.476Z,"129 km ESE of Bitung, Indonesia",earthquake,3.63,2.943,0.033,89,reviewed,us,us
2026-04-01T11:20:27.264Z,-7.0529,-76.2192,126,6,mww,189,38,4.941,0.62,us,us7000s9cg,2026-05-08T09:50:42.471Z,"19 km SE of Picota, Peru",earthquake,8.88,1.903,0.037,71,reviewed,us,us
2026-03-30T08:44:13.780Z,-15.2865,167.5825,120.628,7.3,mww,233,23,0.399,0.51,us,us7000s8q0,2026-05-08T09:33:58.648Z,"51 km ENE of Luganville, Vanuatu",earthquake,9.04,4.302,0.034,85,reviewed,us,us
2026-03-26T14:18:51.927Z,39.4377,143.3826,16,6.5,mww,134,64,2.232,0.88,us,us7000s7u4,2026-04-18T20:29:04.440Z,"123 km E of Yamada, Japan",earthquake,6.91,1.651,0.038,66,reviewed,us,us
2026-03-24T04:37:51.627Z,-18.5387,-175.4763,234,7.5,mww,315,17,5.283,0.69,us,us7000s789,2026-04-30T03:21:18.700Z,"158 km W of Neiafu, Tonga",earthquake,9.28,1.871,0.026,138,reviewed,us,us
2026-03-22T15:30:36.570Z,-15.3376,-172.652,12,6.3,mww,20,48,1.651,1.16,us,us6000sii1,2026-04-12T13:17:09.645Z,"140 km ENE of Hihifo, Tonga",earthquake,8.49,1.861,0.06,27,reviewed,us,us
2026-03-22T15:27:55.084Z,-15.2757,-172.5991,10,6.2,mww,25,59,1.572,0.68,us,us6000sii0,2026-05-02T01:15:49.343Z,"148 km ENE of Hihifo, Tonga",earthquake,8.41,1.841,0.052,35,reviewed,us,us
2026-03-22T06:15:36.222Z,-15.247,-172.9319,14,6.2,mww,105,51,1.735,1.19,us,us6000sidb,2026-05-01T08:07:23.070Z,"121 km NE of Hihifo, Tonga",earthquake,9.46,1.85,0.057,30,reviewed,us,us
2026-03-21T12:16:46.629Z,23.8601,-45.7987,10,6.6,mww,128,31,16.164,0.58,us,us6000si5l,2026-04-03T05:33:00.460Z,"northern Mid-Atlantic Ridge",earthquake,9.57,1.858,0.054,33,reviewed,us,us
2026-03-20T02:30:34.150Z,-19.2794,168.3806,21,6.1,mww,99,41,3.227,0.96,us,us6000shnl,2026-04-28T21:26:41.783Z,"98 km WNW of Isangel, Vanuatu",earthquake,7.79,1.791,0.044,50,reviewed,us,us
2026-03-20T00:22:04.661Z,-61.1875,-56.4033,21,6.5,mww,127,32,8.33,1.06,us,us6000shlp,2026-04-27T19:00:38.193Z,"South Shetland Islands",earthquake,8.72,1.792,0.046,45,reviewed,us,us
2026-03-13T13:39:21.201Z,-28.6929,-71.4786,24,6.2,mww,82,133,0.603,0.87,us,us6000sg0y,2026-05-26T19:16:55.040Z,"71 km W of Vallenar, Chile",earthquake,4.56,1.849,0.045,47,reviewed,us,us
2026-03-09T23:03:54.034Z,40.57,13.9841,375,6,mww,161,17,0.639,0.67,us,us7000s39n,2026-05-22T21:58:43.040Z,"16 km SSE of Sant'Angelo, Italy",earthquake,6.8,1.899,0.045,47,reviewed,us,us
2026-03-08T09:28:26.478Z,-15.9843,-173.8541,134,6,mww,113,50,2.875,0.89,us,us7000s2yl,2026-05-22T21:58:40.040Z,"7 km WSW of Hihifo, Tonga",earthquake,9.03,1.945,0.044,50,reviewed,us,us
2026-03-06T14:27:48.050Z,-11.47,163.0974,10,6.2,mww,99,25,3.698,0.65,us,us7000s2i2,2026-05-22T21:58:37.040Z,"170 km SE of Kirakira, Solomon Islands",earthquake,7.95,1.842,0.044,49,reviewed,us,us
2026-03-04T17:54:36.723Z,52.3258,176.3707,10,6.4,mww,156,37,1.368,0.71,us,us7000s211,2026-05-27T18:04:44.945Z,"223 km ESE of Attu Station, Alaska",earthquake,5.55,1.738,0.03,104,reviewed,us,us
2026-03-03T04:56:45.857Z,2.0076,96.695,18,6.2,mww,267,15,1.124,0.55,us,us7000s1ln,2026-05-15T22:02:41.040Z,"62 km SE of Sinabang, Indonesia",earthquake,7.82,1.665,0.062,25,reviewed,us,us
2026-03-02T03:55:23.534Z,22.9731,144.2098,20,6,mww,304,12,7.835,0.63,us,us7000s1cq,2026-05-15T22:02:37.040Z,"Volcano Islands, Japan region",earthquake,8.82,1.728,0.036,74,reviewed,us,us
2026-03-01T05:44:41.923Z,-21.8035,-179.4529,579,6.3,mww,106,24,4.671,0.85,us,us7000s16b,2026-05-15T22:02:34.040Z,"Fiji region",earthquake,9.68,1.917,0.051,37,reviewed,us,us
2026-02-23T05:11:48.410Z,52.3259,-169.8682,14,6,mww,295,78,0.47,0.79,us,us6000sayv,2026-05-25T05:21:59.474Z,"96 km SW of Nikolski, Alaska",earthquake,1.62,1.718,0.026,142,reviewed,us,us
2026-02-22T16:57:46.738Z,6.8541,116.2942,629,7.1,mww,222,16,5.97,0.73,us,us6000sasz,2026-05-12T17:28:08.040Z,"57 km NNW of Kota Belud, Malaysia",earthquake,9.11,1.928,0.052,36,reviewed,us,us
2026-02-22T07:43:25.409Z,-21.7912,179.6322,636.265,6,mww,107,57,4.291,0.65,us,us6000sarf,2026-05-12T17:28:07.040Z,"south of the Fiji Islands",earthquake,11.38,6.367,0.06,27,reviewed,us,us
2026-02-16T21:42:52.469Z,51.254,157.7013,43,6,mww,171,43,1.857,0.57,us,us6000s9l2,2026-05-06T17:53:58.040Z,"87 km ESE of Ozernovskiy, Russia",earthquake,7.96,1.855,0.042,55,reviewed,us,us
2026-02-14T02:27:42.554Z,-14.9918,166.6216,43,6.4,mww,119,22,0.721,0.81,us,us6000s94q,2026-05-06T17:53:51.040Z,"48 km W of Port-Olry, Vanuatu",earthquake,7.39,1.883,0.05,39,reviewed,us,us
2026-02-12T13:34:31.172Z,-30.7682,-71.4228,46,6.1,mww,102,73,0.206,1.06,us,us6000s8gw,2026-05-06T17:53:47.040Z,"28 km SW of Ovalle, Chile",earthquake,4.51,1.842,0.062,25,reviewed,us,us
2026-02-10T20:44:52.845Z,-21.0263,-178.3783,513,6.2,mww,134,28,4.69,0.93,us,us6000s7p7,2026-05-01T14:35:50.040Z,"Fiji region",earthquake,8.69,1.473,0.038,65,reviewed,us,us
2026-02-04T10:39:28.490Z,-29.526,-178.597,167,6.1,mww,249,42,8.933,0.6,us,us6000s6cx,2026-04-23T20:43:22.040Z,"Kermadec Islands, New Zealand",earthquake,11.14,1.912,0.045,48,reviewed,us,us
2026-01-29T07:30:39.458Z,-57.7717,-25.5988,63.613,6,mww,170,25,7.03,0.68,us,us6000s55s,2026-04-23T20:43:15.040Z,"South Sandwich Islands region",earthquake,9.34,4.433,0.047,43,reviewed,us,us
2026-01-22T12:42:34.200Z,51.7914,158.5253,47,6.2,mww,117,44,1.236,1.06,us,us7000rrbj,2026-04-21T16:28:00.040Z,"127 km S of Vilyuchinsk, Russia",earthquake,7.47,1.895,0.037,69,reviewed,us,us
2026-01-21T16:37:43.141Z,23.2002,142.6037,8,6.1,mww,180,40,3.897,0.91,us,us7000rr5g,2026-04-18T14:47:42.040Z,"Volcano Islands, Japan region",earthquake,7.97,1.814,0.048,41,reviewed,us,us
2026-01-19T13:02:19.436Z,-22.4395,170.3939,11,6,mww,127,38,2.73,0.79,us,us7000rqjy,2026-04-18T14:47:18.040Z,"277 km ESE of Tadine, New Caledonia",earthquake,8.18,1.719,0.04,60,reviewed,us,us
2026-01-16T03:25:53.034Z,43.6857,-128.0574,10,6,mww,109,143,2.907,1.28,us,us7000rq0d,2026-05-22T03:36:06.245Z,"off the coast of Oregon",earthquake,7.75,1.831,0.03,106,reviewed,us,us
2026-01-13T07:34:07.739Z,44.554,149.3153,29,6.2,mww,122,86,4.842,1.01,us,us7000rpcg,2026-04-10T15:20:46.040Z,"135 km SE of Kuril’sk, Russia",earthquake,4.66,1.875,0.053,34,reviewed,us,us
2026-01-10T14:58:23.726Z,3.7767,126.9922,31,6.4,mww,108,43,1.783,0.68,us,us7000rnwd,2026-04-10T15:20:43.040Z,"247 km SE of Sarangani, Philippines",earthquake,5.64,1.799,0.045,48,reviewed,us,us
2026-01-07T03:02:53.890Z,7.2449,126.8953,22,6.4,mww,160,28,1.318,1.08,us,us7000rn2z,2026-04-07T22:11:57.040Z,"35 km E of Santiago, Philippines",earthquake,7.94,1.873,0.047,44,reviewed,us,us
2026-01-02T13:58:15.741Z,16.798,-99.3939,18,6.5,mww,122,44,1.097,1.11,us,us7000rm3k,2026-04-07T22:11:51.040Z,"0 km W of San Marcos, Mexico",earthquake,8.72,1.72,0.027,135,reviewed,us,us
2026-01-01T01:53:01.809Z,-45.6117,96.3592,10,6,mww,67,45,17.24,0.66,us,us7000rltg,2026-04-07T22:11:48.040Z,"southeast Indian Ridge",earthquake,10.14,1.839,0.052,35,reviewed,us,us
2025-12-31T14:26:57.992Z,40.1161,142.9454,27,6,mww,242,29,1.585,0.52,us,us7000rlq3,2026-04-01T22:48:47.040Z,"96 km E of Noda, Japan",earthquake,6.06,1.772,0.052,35,reviewed,us,us
2025-12-28T02:51:49.922Z,-8.9834,-79.039,58,6.2,mww,112,40,3.685,0.97,us,us7000rl57,2026-04-01T22:48:25.040Z,"43 km W of Puerto Santa, Peru",earthquake,8.62,1.901,0.052,35,reviewed,us,us
2025-12-27T15:05:55.388Z,24.6841,122.0354,63,6.6,mww,298,9,0.568,0.76,us,us7000rl2n,2026-04-17T00:47:10.433Z,"29 km ESE of Yilan, Taiwan",earthquake,5.06,1.818,0.033,88,reviewed,us,us
2025-12-24T09:47:06.669Z,22.8982,121.2494,8,6,mww,212,47,0.176,0.62,us,us7000rkjm,2026-04-01T22:48:01.040Z,"2025 Taitung, Taiwan Earthquake",earthquake,5.82,1.834,0.043,52,reviewed,us,us
2025-12-22T10:31:27.918Z,-5.7036,145.5368,107,6.5,mww,129,14,4.013,1.01,us,us6000rwgh,2026-03-19T13:56:11.040Z,"45 km NNE of Goroka, Papua New Guinea",earthquake,6.99,1.855,0.044,50,reviewed,us,us
2025-12-12T02:44:12.841Z,40.8899,142.8131,19,6.7,mww,119,39,1.153,0.8,us,us6000ruc4,2026-03-10T22:18:37.040Z,"117 km NE of Kuji, Japan",earthquake,8.39,1.738,0.032,96,reviewed,us,us
2025-12-08T21:52:41.325Z,40.9761,143.1504,19,6.6,mww,140,29,1.038,0.64,us,us6000rtie,2026-03-04T18:43:42.040Z,"129 km S of Honchō, Japan",earthquake,5.69,1.733,0.068,21,reviewed,us,us
2025-12-08T18:56:28.302Z,40.9878,143.1226,22.788,6,mww,119,50,1.027,0.7,us,us6000rtgd,2026-03-04T18:43:38.040Z,"127 km S of Honchō, Japan",earthquake,7.74,4.394,0.089,12,reviewed,us,us
2025-12-08T14:15:09.896Z,40.9984,142.1836,40.72,7.6,mww,170,17,0.874,0.72,us,us6000rtdt,2026-03-04T18:43:34.040Z,"2025 Aomori Prefecture, Japan Earthquake",earthquake,9.62,4.629,0.024,166,reviewed,us,us
2025-12-06T20:41:49.288Z,60.3127,-139.5412,10.317,7,mww,270,29,0.417,0.76,us,us6000rsy1,2026-05-23T20:52:03.752Z,"2025 Hubbard Glacier Earthquake",earthquake,4.11,3.297,0.026,137,reviewed,us,us
2025-11-27T17:11:29.059Z,61.569519042969,-150.75079345703,69.433395385742,6,mww,225,13.682067871094,0.47020506858826,1.1860668337292,ak,ak2025xjbvhj,2026-05-21T17:21:37.730Z,"12 km WNW of Susitna, Alaska",earthquake,0,1.4379519224167,0.025,153,reviewed,ak,us
2025-11-27T04:56:24.368Z,2.7191,95.9543,17,6.4,mww,175,41,2.966,0.96,us,us7000re2g,2026-02-25T16:18:34.040Z,"54 km WNW of Sinabang, Indonesia",earthquake,8.32,1.827,0.045,48,reviewed,us,us
2025-11-10T07:23:17.302Z,39.5665,143.4526,11,6,mww,300,55,2.2,0.42,us,us6000rmk2,2026-01-29T22:05:29.040Z,"129 km E of Yamada, Japan",earthquake,3.12,1.733,0.054,33,reviewed,us,us
2025-11-09T08:54:36.914Z,39.4971,143.3097,10,6.4,mww,127,83,2.151,0.64,us,us6000rmep,2026-01-29T22:05:27.040Z,"117 km E of Yamada, Japan",earthquake,5.97,1.781,0.052,35,reviewed,us,us
2025-11-09T08:03:39.367Z,39.485,143.3782,18,6.8,mww,117,46,2.201,0.73,us,us6000rmea,2026-01-29T22:05:30.040Z,"122 km E of Yamada, Japan",earthquake,7.11,1.831,0.059,28,reviewed,us,us
2025-11-04T23:28:59.236Z,52.1115,160.1897,28,6,mww,103,67,1.818,0.63,us,us6000rlik,2026-01-27T17:59:08.040Z,"149 km SE of Petropavlovsk-Kamchatsky, Russia",earthquake,5.72,1.826,0.045,47,reviewed,us,us
2025-11-04T07:37:22.906Z,12.3924,143.1427,65,6,mww,136,30,2.06,0.91,us,us6000rlcd,2026-05-26T07:47:25.690Z,"191 km WSW of Merizo Village, Guam",earthquake,7.65,1.831,0.05,39,reviewed,us,us
2025-11-03T08:44:43.281Z,52.2143,160.2108,29,6.1,mww,140,77,1.773,0.59,us,us6000rl5i,2026-01-27T17:59:06.040Z,"142 km SE of Petropavlovsk-Kamchatsky, Russia",earthquake,8.63,1.885,0.043,53,reviewed,us,us
2025-11-02T20:29:02.008Z,36.5461,67.3886,28,6.2,mww,118,46,2.47,0.86,us,us6000rl31,2026-05-22T16:16:02.170Z,"30 km SE of Mazār-e Sharīf, Afghanistan",earthquake,6.99,1.878,0.066,22,reviewed,us,us
2025-10-28T14:40:18.481Z,-6.7001,129.9887,142,6.4,mww,263,16,2.165,0.67,us,us6000rjx3,2026-01-15T22:46:59.040Z,"Banda Sea",earthquake,8.34,1.793,0.036,74,reviewed,us,us
2025-10-27T19:48:28.767Z,39.1937,28.2425,8,6,mww,130,21,1.047,0.6,us,us6000rjsu,2026-01-15T22:46:57.040Z,"7 km SE of Sındırgı, Turkey",earthquake,3.94,1.824,0.042,55,reviewed,us,us
2025-10-27T12:38:40.364Z,16.5419,-59.5574,9,6.5,mww,161,21,1.456,0.71,us,us6000rjq8,2026-01-15T22:46:56.040Z,"164 km E of Beauséjour, Guadeloupe",earthquake,6.06,1.83,0.031,101,reviewed,us,us
2025-10-26T17:04:25.617Z,-8.8524,123.9887,75,6.2,mww,108,20,0.938,0.93,us,us6000rjkv,2026-01-15T22:46:55.040Z,"57 km NW of Pante Makasar, Timor Leste",earthquake,3.38,1.931,0.037,72,reviewed,us,us
2025-10-25T23:28:02.544Z,-12.3757,166.4018,34,6,mww,100,54,6.978,0.97,us,us6000rjhm,2026-01-15T22:46:53.040Z,"194 km SSE of Lata, Solomon Islands",earthquake,9.01,1.889,0.047,44,reviewed,us,us
2025-10-16T23:03:12.673Z,9.7909,126.1163,32,6,mww,109,23,2.755,0.89,us,us6000rhns,2026-01-09T15:38:38.040Z,"3 km N of Union, Philippines",earthquake,8.68,1.841,0.044,49,reviewed,us,us
2025-10-16T05:48:52.788Z,-2.168,138.9531,18,6.4,mww,234,17,0.925,0.79,us,us6000rhg5,2026-01-09T15:38:37.040Z,"192 km WNW of Abepura, Indonesia",earthquake,4.37,1.61,0.042,54,reviewed,us,us
2025-10-16T01:42:32.311Z,-59.9658,-61.8649,8,6.3,mww,66,97,4.932,0.8,us,us6000rhf2,2026-01-09T15:38:37.040Z,"Drake Passage",earthquake,6.58,1.817,0.048,41,reviewed,us,us
2025-10-11T14:32:59.312Z,8.9231,126.323,67.657,6,mww,123,27,1.983,0.86,us,us6000rgkr,2026-01-01T23:11:09.040Z,"3 km ESE of Bacolod, Philippines",earthquake,8.91,4.488,0.039,62,reviewed,us,us
2025-10-10T20:29:20.075Z,-60.1875,-61.8164,5.639,7.6,mww,402,12,4.719,0.57,us,us6000rgf4,2026-01-01T23:11:08.040Z,"Drake Passage",earthquake,7.29,2.011,0.034,84,reviewed,us,us
2025-10-10T11:12:05.407Z,7.2127,126.6578,47,6.7,mww,129,25,1.08,1.09,us,us6000rg2r,2026-05-17T01:37:02.750Z,"12 km SE of Santiago, Philippines",earthquake,7.64,1.924,0.041,57,reviewed,us,us
2025-10-10T02:08:10.652Z,-3.0764,147.9714,10,6.3,mww,245,16,1.191,0.53,us,us6000rfye,2026-01-01T23:11:06.040Z,"139 km SE of Lorengau, Papua New Guinea",earthquake,6.66,1.736,0.069,20,reviewed,us,us
2025-10-10T01:43:59.585Z,7.2866,126.6902,59.425,7.4,mww,291,19,1.123,0.6,us,us6000rfwz,2026-05-17T01:30:58.559Z,"12 km E of Santiago, Philippines",earthquake,7.79,4.306,0.024,164,reviewed,us,us
2025-10-09T13:28:44.543Z,51.6683,158.2328,56.51,6.1,mww,264,50,1.381,0.69,us,us6000rft9,2026-01-01T23:11:05.040Z,"121 km E of Ozernovskiy, Russia",earthquake,7.86,4.391,0.043,52,reviewed,us,us
2025-10-07T11:05:17.136Z,-6.7359,146.8404,98,6.6,mww,211,36,2.67,0.55,us,us6000rfb2,2025-12-19T22:50:22.040Z,"17 km W of Lae, Papua New Guinea",earthquake,7.06,1.889,0.035,79,reviewed,us,us
2025-10-03T16:07:44.844Z,51.6275,159.9083,19,6.1,mww,106,100,1.597,0.73,us,us6000rei1,2025-12-19T22:49:51.040Z,"177 km SE of Vilyuchinsk, Russia",earthquake,8.48,1.801,0.041,58,reviewed,us,us
2025-09-30T16:49:43.533Z,-7.2032,114.1844,19.498,6,mww,293,24,1.259,0.67,us,us6000rdta,2025-12-11T21:40:44.040Z,"31 km ESE of Kalianget, Indonesia",earthquake,5.28,2.837,0.093,11,reviewed,us,us
2025-09-30T13:59:43.328Z,11.1557,124.111,10,6.9,mww,192,15,4.311,0.71,us,us6000rdrz,2026-03-31T10:06:53.928Z,"8 km ESE of Calape, Philippines",earthquake,7.75,1.73,0.04,59,reviewed,us,us
2025-09-25T03:51:39.565Z,9.9355,-70.7081,14,6.3,mww,113,27,1.048,0.94,us,us6000rcqw,2025-12-11T21:40:39.040Z,"25 km ENE of Mene Grande, Venezuela",earthquake,5.72,1.815,0.027,130,reviewed,us,us
2025-09-24T22:21:55.716Z,9.8668,-70.8781,9,6.2,mww,317,17,1.006,0.67,us,us6000rcnw,2025-12-11T21:40:44.040Z,"5 km ENE of Mene Grande, Venezuela",earthquake,5.41,1.684,0.038,66,reviewed,us,us
2025-09-19T14:55:40.913Z,51.2463,157.8629,58.287,6,mb,121,72,1.845,0.96,us,us6000rge8,2025-12-06T16:00:14.040Z,"98 km ESE of Ozernovskiy, Russia",earthquake,11.18,6.932,0.023,692,reviewed,us,us
2025-09-18T18:58:14.939Z,53.1426,160.7206,27,7.8,mww,212,76,1.255,1.07,us,us7000qx2g,2025-12-06T16:41:30.345Z,"140 km E of Petropavlovsk-Kamchatsky, Russia",earthquake,7.91,1.88,0.024,173,reviewed,us,us
2025-09-18T18:19:49.220Z,-3.5961,135.4658,28,6,mww,96,36,1.262,0.95,us,us7000qx1z,2025-12-06T16:00:20.040Z,"26 km S of Nabire, Indonesia",earthquake,6.33,1.883,0.046,46,reviewed,us,us
2025-09-16T16:59:46.550Z,-5.5179,153.7354,31,6,mww,191,21,2.047,0.95,us,us7000qwir,2025-12-09T14:18:14.040Z,"208 km SE of Kokopo, Papua New Guinea",earthquake,8.73,1.789,0.042,55,reviewed,us,us
2025-09-15T16:34:35.213Z,52.6973,160.6791,15,6,mww,174,92,1.273,0.66,us,us7000qwch,2025-12-03T03:58:39.040Z,"144 km ESE of Petropavlovsk-Kamchatsky, Russia",earthquake,7.1,1.78,0.069,20,reviewed,us,us
2025-09-13T02:37:56.761Z,53.1969,160.1901,58,7.4,mww,298,25,0.945,0.74,us,us7000qvw5,2025-12-03T03:58:17.040Z,"105 km E of Petropavlovsk-Kamchatsky, Russia",earthquake,7.75,1.868,0.033,89,reviewed,us,us
2025-09-08T21:47:48.117Z,-21.0025,173.7046,10,6.4,mww,84,48,5.229,0.61,us,us7000quvp,2025-11-30T23:40:51.040Z,"Vanuatu region",earthquake,7.64,1.753,0.036,76,reviewed,us,us
2025-08-31T19:17:34.124Z,34.7106,70.8087,8,6,mww,152,20,1.394,0.68,us,us7000qsvj,2026-05-22T16:15:21.697Z,"35 km WSW of Asadābād, Afghanistan",earthquake,4.52,2.736,0.057,30,reviewed,us,us
2025-08-27T03:49:50.441Z,50.7675,157.4273,40,6,mww,160,118,2.349,0.91,us,us7000qr8h,2025-11-19T21:59:40.040Z,"92 km E of Severo-Kuril’sk, Russia",earthquake,9,1.937,0.036,73,reviewed,us,us
2025-08-25T06:48:34.819Z,49.3726,160.0428,9,6.1,mww,175,46,3.759,0.77,us,us6000r3l7,2025-11-12T16:25:41.040Z,"east of the Kuril Islands",earthquake,7.7,1.838,0.047,43,reviewed,us,us
2025-08-23T09:14:22.210Z,13.0601,-90.4343,17,6,mww,76,120,1.052,1.34,us,us6000r3at,2025-11-12T16:25:38.040Z,"88 km SW of Acajutla, El Salvador",earthquake,6.08,1.801,0.032,95,reviewed,us,us
2025-08-22T02:16:18.246Z,-60.3187,-61.9221,10,7.5,mww,101,64,4.579,1.02,us,us6000r2xq,2025-11-12T16:25:36.040Z,"2025 Southern Drake Passage Earthquake",earthquake,9.63,1.726,0.041,58,reviewed,us,us
2025-08-14T16:22:34.235Z,-11.6933,166.2048,44.99,6.3,mww,102,48,6.547,0.79,us,us6000r0sa,2025-11-04T16:43:38.040Z,"115 km SSE of Lata, Solomon Islands",earthquake,8.62,3.089,0.038,66,reviewed,us,us
2025-08-12T08:24:23.409Z,-2.0302,138.966,14,6.3,mww,134,21,0.968,1.04,us,us6000r01m,2025-10-25T13:40:42.040Z,"195 km WNW of Abepura, Indonesia",earthquake,5.2,1.633,0.053,34,reviewed,us,us
2025-08-10T16:53:47.260Z,39.3709,28.0168,10,6.1,mww,149,17,0.823,0.83,us,us6000qznb,2025-10-27T20:16:03.954Z,"10 km WSW of Bigadiç, Turkey",earthquake,4.3,1.707,0.036,75,reviewed,us,us
2025-08-09T14:04:07.171Z,50.0723,159.7364,11,6,mww,147,28,3.032,0.71,us,us6000qzh9,2025-10-25T13:40:35.040Z,"265 km ESE of Severo-Kuril’sk, Russia",earthquake,8.65,1.72,0.036,73,reviewed,us,us
2025-08-04T04:20:54.562Z,48.8586,156.3666,16,6.2,mww,127,86,4.338,0.98,us,us6000qxzw,2025-10-17T22:51:42.040Z,"202 km S of Severo-Kuril’sk, Russia",earthquake,10.28,1.772,0.044,50,reviewed,us,us
2025-08-03T05:37:55.148Z,50.5853,157.8643,30,6.8,mww,117,43,2.49,1.05,us,us6000qxt4,2025-10-17T22:51:42.040Z,"123 km E of Severo-Kuril’sk, Russia",earthquake,6.3,1.869,0.053,34,reviewed,us,us
2025-08-03T04:57:10.505Z,-55.2284,-128.6508,10,6.3,mww,67,34,30.434,0.82,us,us6000qxsv,2025-10-17T22:51:42.040Z,"Pacific-Antarctic Ridge",earthquake,11.97,1.811,0.068,21,reviewed,us,us
2025-08-02T14:14:03.328Z,51.5911,159.4631,17,6,mww,111,85,1.519,0.61,us,us6000qxn6,2025-10-17T22:51:42.040Z,"165 km SSE of Vilyuchinsk, Russia",earthquake,8.65,0.86,0.069,20,reviewed,us,us
2025-08-01T18:20:45.177Z,50.2099,159.0659,10,6.1,mww,213,28,2.829,0.71,us,us6000qxfn,2025-10-17T22:51:42.040Z,"215 km ESE of Severo-Kuril’sk, Russia",earthquake,7.26,1.726,0.05,39,reviewed,us,us
2025-07-31T05:27:14.789Z,49.5,158.6499,15,6.2,mww,268,38,3.528,0.57,us,us6000qwuh,2025-10-17T22:51:42.040Z,"222 km SE of Severo-Kuril’sk, Russia",earthquake,7.82,1.828,0.059,28,reviewed,us,us
2025-07-30T16:07:46.668Z,49.6696,157.2746,35,6,mwb,187,72,3.454,0.75,us,us6000qwk1,2025-10-17T22:51:42.040Z,"138 km SE of Severo-Kuril’sk, Russia",earthquake,7.8,1.848,0.047,44,reviewed,us,us
2025-07-30T09:56:13.780Z,51.6041,160.0013,10.445,6.1,mwb,301,52,1.646,0.71,us,us6000qwfe,2025-10-17T22:51:42.040Z,"183 km SE of Vilyuchinsk, Russia",earthquake,7.84,4.034,0.031,102,reviewed,us,us
2025-07-30T00:16:06.520Z,52.1048,159.692,35,6.2,mb,113,36,1.119,0.97,us,us6000qw6s,2025-10-17T02:33:02.040Z,"126 km SE of Vilyuchinsk, Russia",earthquake,6.67,0.871,0.023,749,reviewed,us,us
2025-07-30T00:09:58.961Z,52.1946,159.8008,36.622,6.9,mww,82,68,1.087,0.95,us,us6000qw6q,2025-10-17T02:32:58.040Z,"125 km SE of Petropavlovsk-Kamchatsky, Russia",earthquake,8.62,5.606,0.098,10,reviewed,us,us
2025-07-29T23:37:34.403Z,51.5092,159.126,35,6,mb,83,53,1.545,0.83,us,us6000qwhj,2025-10-11T20:57:36.040Z,"165 km SSE of Vilyuchinsk, Russia",earthquake,7.47,1.863,0.078,62,reviewed,us,us
2025-07-29T23:36:01.341Z,51.7541,158.2503,35,6,mb,79,84,1.295,0.75,us,us6000r0qc,2025-10-11T20:57:57.040Z,"124 km ENE of Ozernovskiy, Russia",earthquake,8.28,1.824,0.078,62,reviewed,us,us
2025-07-29T23:30:44.566Z,52.6498,159.5787,25.423,6.1,mb,57,67,0.676,0.7,us,us6000r0xw,2025-10-11T20:57:58.040Z,"78 km SE of Petropavlovsk-Kamchatsky, Russia",earthquake,7.89,5.64,0.088,49,reviewed,us,us
2025-07-29T23:30:03.032Z,52.5195,159.7031,16.375,6.3,mb,29,121,0.815,0.67,us,us6000r0y5,2025-10-11T20:57:58.040Z,"94 km SE of Petropavlovsk-Kamchatsky, Russia",earthquake,9.45,5.247,0.116,29,reviewed,us,us
2025-07-29T23:24:52.483Z,52.4948,160.2395,35,8.8,mww,251,30,1.102,0.73,us,us6000qw60,2026-05-22T16:16:58.959Z,"2025 Kamchatka Peninsula, Russia Earthquake",earthquake,6.78,1.784,0.018,303,reviewed,us,us
2025-07-29T17:53:40.918Z,-23.4497,178.858,553,6.6,mww,156,17,5.726,0.83,us,us6000qw1a,2025-10-11T20:57:33.040Z,"south of the Fiji Islands",earthquake,10.13,1.906,0.043,52,reviewed,us,us
2025-07-28T22:10:35.109Z,-57.605,157.0388,31,7,mww,128,21,3.292,0.82,us,us6000qvsf,2025-10-11T20:57:29.040Z,"Macquarie Island region",earthquake,9.63,1.777,0.031,99,reviewed,us,us
2025-07-28T18:41:50.299Z,6.6907,93.0637,21,6.4,mww,124,62,4.126,0.57,us,us6000qvpp,2025-10-11T20:57:28.040Z,"264 km WNW of Sabang, Indonesia",earthquake,7.8,1.876,0.052,35,reviewed,us,us
2025-07-26T16:15:04.546Z,-57.7718,157.7252,17,6.2,mww,280,14,3.351,0.64,us,us6000qvbw,2025-10-11T20:57:18.040Z,"Macquarie Island region",earthquake,9.06,1.662,0.039,62,reviewed,us,us
2025-07-25T11:22:02.292Z,-55.4066,146.5854,10,6.2,mww,87,46,7.175,0.75,us,us6000qv1b,2025-10-11T20:57:13.040Z,"west of Macquarie Island",earthquake,9.64,1.774,0.039,62,reviewed,us,us
2025-07-24T23:37:56.601Z,-14.9093,-175.7016,314.151,6.6,mww,102,30,3.925,0.94,us,us6000quy1,2025-10-11T20:57:10.040Z,"187 km SSE of Mata-Utu, Wallis and Futuna",earthquake,8.43,5.206,0.035,80,reviewed,us,us
2025-07-24T22:37:27.147Z,53.0151,161.0626,14,6,mww,132,53,1.457,0.95,us,us6000quxn,2025-10-11T20:57:09.040Z,"163 km E of Petropavlovsk-Kamchatsky, Russia",earthquake,7.07,1.611,0.041,58,reviewed,us,us
2025-07-23T20:50:43.792Z,0.4411,122.0874,142,6.3,mww,171,15,1.465,0.92,us,us6000qugg,2025-10-11T20:57:04.040Z,"109 km W of Gorontalo, Indonesia",earthquake,5.56,1.838,0.033,89,reviewed,us,us
2025-07-22T01:59:28.404Z,52.4133,160.6453,12.308,6,mww,338,16,1.359,0.49,us,us6000qu2r,2025-10-03T18:41:26.040Z,"154 km ESE of Petropavlovsk-Kamchatsky, Russia",earthquake,6.92,3.232,0.056,31,reviewed,us,us
2025-07-20T22:28:00.041Z,54.6051,-159.8382,40,6.2,mww,144,36,0.268,0.64,us,us7000qe51,2025-11-04T22:22:54.921Z,"91 km SSE of Sand Point, Alaska",earthquake,5.89,1.83,0.046,45,reviewed,us,us
2025-07-20T07:23:02.065Z,52.8915,160.7461,34.991,6.5,mww,172,71,1.275,0.63,us,us7000qdz2,2025-10-03T18:42:56.040Z,"143 km E of Petropavlovsk-Kamchatsky, Russia",earthquake,8.24,4.314,0.066,22,reviewed,us,us
2025-07-20T07:07:42.573Z,52.6981,160.8332,10,6.6,mww,172,75,1.363,0.78,us,us7000qdyw,2025-10-03T18:42:56.040Z,"153 km ESE of Petropavlovsk-Kamchatsky, Russia",earthquake,6.93,1.824,0.056,31,reviewed,us,us
2025-07-20T06:49:04.327Z,52.8301,160.6816,34,7.4,mww,170,32,1.245,0.77,us,us7000qdyl,2025-10-03T18:42:56.040Z,"2025 Eastern Kamchatka, Russia Earthquake",earthquake,7.9,1.873,0.048,42,reviewed,us,us
2025-07-20T06:28:17.860Z,52.9286,160.6233,23,6.6,mww,161,73,1.197,0.86,us,us7000qdye,2025-10-03T18:42:55.040Z,"134 km E of Petropavlovsk-Kamchatsky, Russia",earthquake,8.27,1.88,0.036,74,reviewed,us,us
2025-07-16T20:37:41.667Z,54.5652,-160.4689,38,7.3,mww,180,21,0.576,0.75,us,us7000qd1y,2026-05-27T20:47:47.818Z,"2025 Sand Point, Alaska Earthquake",earthquake,5.86,1.827,0.025,153,reviewed,us,us
2025-07-14T17:16:49.051Z,6.1706,-82.7372,10,6.2,mww,108,84,3.113,0.72,us,us7000qclp,2025-11-28T21:14:11.510Z,"206 km S of Burica, Panama",earthquake,5.57,1.87,0.033,89,reviewed,us,us
2025-07-14T05:49:58.119Z,-6.2201,131.2331,70.687,6.7,mww,149,19,2.143,0.63,us,us7000qcik,2025-11-28T21:10:23.200Z,"180 km WSW of Tual, Indonesia",earthquake,6.46,5.368,0.04,60,reviewed,us,us
2025-07-07T12:53:44.013Z,-47.1735,165.4962,22,6.2,mww,65,64,1.296,0.8,us,us7000qb4s,2025-09-12T16:23:11.040Z,"213 km WSW of Riverton, New Zealand",earthquake,8.86,1.886,0.038,68,reviewed,us,us
2025-06-28T08:32:20.957Z,-60.9793,-38.9672,10,6.6,mww,135,52,6.844,0.63,us,us7000q9b5,2025-09-04T20:40:01.040Z,"Scotia Sea",earthquake,8.19,1.855,0.068,21,reviewed,us,us
2025-06-27T23:07:10.371Z,5.2888,126.0425,99.77,6,mww,131,19,0.787,0.99,us,us7000q97d,2025-09-04T20:40:00.040Z,"65 km E of Sarangani, Philippines",earthquake,6.55,4.615,0.038,68,reviewed,us,us
2025-06-25T22:16:13.700Z,-35.7221,-17.0441,10,6.2,mww,131,53,4.044,0.87,us,us7000q8tw,2025-09-04T20:39:59.040Z,"southern Mid-Atlantic Ridge",earthquake,10.45,1.829,0.052,36,reviewed,us,us
2025-06-24T01:58:06.248Z,7.9765,129.9606,10,6.2,mww,238,15,4.436,0.67,us,us7000q8bd,2025-09-02T21:23:42.040Z,"east of the Philippine Islands",earthquake,7.27,1.721,0.055,32,reviewed,us,us
2025-06-21T21:23:18.562Z,42.8951,146.4037,18,6,mww,134,59,2.558,0.65,us,us6000qlnz,2025-09-02T21:23:40.040Z,"82 km SE of Nemuro, Japan",earthquake,8.31,1.751,0.055,32,reviewed,us,us
2025-06-13T18:35:14.935Z,46.1842,153.426,35,6,mww,241,23,7.392,1.1,us,us6000qk4v,2025-08-22T20:26:00.040Z,"Kuril Islands",earthquake,7.74,1.764,0.048,42,reviewed,us,us
2025-06-08T13:08:05.797Z,4.4852,-73.1248,9,6.3,mww,163,21,1.245,0.89,us,us6000qixr,2025-08-20T16:08:58.040Z,"15 km NE of Paratebueno, Colombia",earthquake,7.45,1.738,0.032,96,reviewed,us,us
2025-06-07T23:20:45.671Z,-47.8272,115.9955,10,6.2,mww,90,43,14.912,1.04,us,us6000qisj,2025-08-20T16:08:58.040Z,"western Indian-Antarctic Ridge",earthquake,10.19,1.817,0.054,33,reviewed,us,us
2025-06-06T17:15:06.807Z,-26.639,-70.4039,75,6.4,mww,320,16,0.519,0.67,us,us6000qigd,2025-08-20T16:08:56.040Z,"45 km SW of Diego de Almagro, Chile",earthquake,6.38,1.804,0.036,73,reviewed,us,us
2025-05-31T22:26:22.460Z,-27.8491,-178.1234,10,6.2,mww,64,56,1.401,0.82,us,us6000qh5j,2025-08-16T21:54:12.040Z,"Kermadec Islands region",earthquake,9.91,1.727,0.043,51,reviewed,us,us
2025-05-31T21:21:11.250Z,-28.1865,-178.5389,10,6,mww,70,80,1.183,1.14,us,us6000qh59,2025-08-16T21:54:12.040Z,"Kermadec Islands region",earthquake,9.38,1.813,0.066,22,reviewed,us,us
2025-05-31T14:28:49.890Z,-27.7396,-177.9502,10,6.1,mww,131,25,1.5,0.66,us,us6000qh35,2025-08-16T21:54:12.040Z,"Kermadec Islands region",earthquake,8.48,1.707,0.048,41,reviewed,us,us
2025-05-31T08:37:17.097Z,42.2705,144.4895,21,6,mww,138,55,1.023,0.71,us,us6000qh1r,2025-08-16T21:54:11.040Z,"78 km S of Kushiro, Japan",earthquake,7.27,1.885,0.056,31,reviewed,us,us
2025-05-30T05:36:38.351Z,-53.2836,9.1051,10,6.2,mww,60,51,19.186,0.84,us,us6000qgts,2025-08-16T21:54:10.040Z,"southwest of Africa",earthquake,8.11,1.792,0.062,25,reviewed,us,us
